{
  "rmsd_weights": [
    0.3380596220388609,
    0.0,
    0.5452754857599147
  ],
  "rmsd_calibration_r2": 0.4251,
  "contact_radius_angstrom": 8.0,
  "burial_threshold_contacts": 10,
  "heme_fe_af2": {
    "HBB": [
      2.027256624755619,
      3.8802119424295682,
      -22.524589233372268
    ],
    "HBA1": [
      -46.667749350998605,
      90.10307492381965,
      49.8588020063773
    ],
    "HBA2": [
      -46.667749350998605,
      90.10307492381965,
      49.8588020063773
    ]
  },
  "interface_positions": {
    "HBB": [
      140,
      141,
      143,
      144,
      146,
      30,
      31,
      97,
      34,
      35,
      36,
      98,
      38,
      99,
      40,
      41,
      100,
      101,
      102
    ],
    "HBA1": [
      96,
      128,
      34,
      99,
      100,
      37,
      131,
      103,
      40,
      41,
      122,
      125,
      126,
      127
    ],
    "HBA2": [
      96,
      128,
      34,
      99,
      100,
      37,
      131,
      103,
      40,
      41,
      122,
      125,
      126,
      127
    ]
  }
}